title,description,mission,objectives,link,owner,categories,required_skills,languages,required_roles,is_active
Project0,Description for Project0. This project covers balanced topics.,Mission for Project0: Develop innovative solutions across multiple fields.,Objectives for Project0: Integrate balanced skills and technologies.,https://example.com/project0,user0,"AI,Business","Cloud Databases,BigQuery,Kotlin Multiplatform,Documentation","English,Spanish","ML Engineer,Backend Developer",True
Project1,Description for Project1. This project covers balanced topics.,Mission for Project1: Develop innovative solutions across multiple fields.,Objectives for Project1: Integrate balanced skills and technologies.,https://example.com/project1,user1,"Business,Research","BigQuery,Kotlin Multiplatform,Documentation,Security Testing","Spanish,German","Backend Developer,Frontend Developer",True
Project2,Description for Project2. This project covers balanced topics.,Mission for Project2: Develop innovative solutions across multiple fields.,Objectives for Project2: Integrate balanced skills and technologies.,https://example.com/project2,user2,"Research,Healthcare","Kotlin Multiplatform,Documentation,Security Testing,Accessibility","German,French","Frontend Developer,Project Manager",True
Project3,Description for Project3. This project covers balanced topics.,Mission for Project3: Develop innovative solutions across multiple fields.,Objectives for Project3: Integrate balanced skills and technologies.,https://example.com/project3,user3,"Healthcare,Education","Documentation,Security Testing,Accessibility,Reverse Engineering","French,Chinese","Project Manager,Data Scientist",True
Project4,Description for Project4. This project covers balanced topics.,Mission for Project4: Develop innovative solutions across multiple fields.,Objectives for Project4: Integrate balanced skills and technologies.,https://example.com/project4,user4,"Education,Arts & Media","Security Testing,Accessibility,Reverse Engineering,Apache","Chinese,Japanese","Data Scientist,Researcher",True
Project5,Description for Project5. This project covers balanced topics.,Mission for Project5: Develop innovative solutions across multiple fields.,Objectives for Project5: Integrate balanced skills and technologies.,https://example.com/project5,user5,"Arts & Media,Social Impact","Accessibility,Reverse Engineering,Apache,Elixir Phoenix","Japanese,English","Researcher,Designer",True
Project6,Description for Project6. This project covers balanced topics.,Mission for Project6: Develop innovative solutions across multiple fields.,Objectives for Project6: Integrate balanced skills and technologies.,https://example.com/project6,user6,"Social Impact,Machine Learning","Reverse Engineering,Apache,Elixir Phoenix,Ant Design","English,Spanish","Designer,ML Engineer",True
Project7,Description for Project7. This project covers balanced topics.,Mission for Project7: Develop innovative solutions across multiple fields.,Objectives for Project7: Integrate balanced skills and technologies.,https://example.com/project7,user7,"Machine Learning,Software","Apache,Elixir Phoenix,Ant Design,Cloud Databases","Spanish,German","ML Engineer,Backend Developer",True
Project8,Description for Project8. This project covers balanced topics.,Mission for Project8: Develop innovative solutions across multiple fields.,Objectives for Project8: Integrate balanced skills and technologies.,https://example.com/project8,user8,"Software,Environment","Elixir Phoenix,Ant Design,Cloud Databases,BigQuery","German,French","Backend Developer,Frontend Developer",True
Project9,Description for Project9. This project covers balanced topics.,Mission for Project9: Develop innovative solutions across multiple fields.,Objectives for Project9: Integrate balanced skills and technologies.,https://example.com/project9,user9,"Environment,AI","Ant Design,Cloud Databases,BigQuery,Kotlin Multiplatform","French,Chinese","Frontend Developer,Project Manager",True
Project10,Description for Project10. This project covers balanced topics.,Mission for Project10: Develop innovative solutions across multiple fields.,Objectives for Project10: Integrate balanced skills and technologies.,https://example.com/project10,user10,"AI,Business","Cloud Networking,Spark,Jetpack Compose,Strategic Planning","Chinese,Japanese","Project Manager,Data Scientist",True
Project11,Description for Project11. This project covers balanced topics.,Mission for Project11: Develop innovative solutions across multiple fields.,Objectives for Project11: Integrate balanced skills and technologies.,https://example.com/project11,user11,"Business,Research","Spark,Jetpack Compose,Strategic Planning,Continuous Testing","Japanese,English","Data Scientist,Researcher",True
Project12,Description for Project12. This project covers balanced topics.,Mission for Project12: Develop innovative solutions across multiple fields.,Objectives for Project12: Integrate balanced skills and technologies.,https://example.com/project12,user12,"Research,Healthcare","Jetpack Compose,Strategic Planning,Continuous Testing,Design Systems","English,Spanish","Researcher,Designer",True
Project13,Description for Project13. This project covers balanced topics.,Mission for Project13: Develop innovative solutions across multiple fields.,Objectives for Project13: Integrate balanced skills and technologies.,https://example.com/project13,user13,"Healthcare,Education","Strategic Planning,Continuous Testing,Design Systems,Threat Hunting","Spanish,German","Designer,ML Engineer",True
Project14,Description for Project14. This project covers balanced topics.,Mission for Project14: Develop innovative solutions across multiple fields.,Objectives for Project14: Integrate balanced skills and technologies.,https://example.com/project14,user14,"Education,Arts & Media","Continuous Testing,Design Systems,Threat Hunting,Nginx","German,French","ML Engineer,Backend Developer",True
Project15,Description for Project15. This project covers balanced topics.,Mission for Project15: Develop innovative solutions across multiple fields.,Objectives for Project15: Integrate balanced skills and technologies.,https://example.com/project15,user15,"Arts & Media,Social Impact","Design Systems,Threat Hunting,Nginx,Micronaut","French,Chinese","Backend Developer,Frontend Developer",True
Project16,Description for Project16. This project covers balanced topics.,Mission for Project16: Develop innovative solutions across multiple fields.,Objectives for Project16: Integrate balanced skills and technologies.,https://example.com/project16,user16,"Social Impact,Machine Learning","Threat Hunting,Nginx,Micronaut,Material UI","Chinese,Japanese","Frontend Developer,Project Manager",True
Project17,Description for Project17. This project covers balanced topics.,Mission for Project17: Develop innovative solutions across multiple fields.,Objectives for Project17: Integrate balanced skills and technologies.,https://example.com/project17,user17,"Machine Learning,Software","Nginx,Micronaut,Material UI,Cloud Networking","Japanese,English","Project Manager,Data Scientist",True
Project18,Description for Project18. This project covers balanced topics.,Mission for Project18: Develop innovative solutions across multiple fields.,Objectives for Project18: Integrate balanced skills and technologies.,https://example.com/project18,user18,"Software,Environment","Micronaut,Material UI,Cloud Networking,Spark","English,Spanish","Data Scientist,Researcher",True
Project19,Description for Project19. This project covers balanced topics.,Mission for Project19: Develop innovative solutions across multiple fields.,Objectives for Project19: Integrate balanced skills and technologies.,https://example.com/project19,user19,"Environment,AI","Material UI,Cloud Networking,Spark,Jetpack Compose","Spanish,German","Researcher,Designer",True
Project20,Description for Project20. This project covers balanced topics.,Mission for Project20: Develop innovative solutions across multiple fields.,Objectives for Project20: Integrate balanced skills and technologies.,https://example.com/project20,user20,"AI,Business","Cloud Storage,Jupyter,SwiftUI,Change Management","German,French","Designer,ML Engineer",True
Project21,Description for Project21. This project covers balanced topics.,Mission for Project21: Develop innovative solutions across multiple fields.,Objectives for Project21: Integrate balanced skills and technologies.,https://example.com/project21,user21,"Business,Research","Jupyter,SwiftUI,Change Management,TDD","French,Chinese","ML Engineer,Backend Developer",True
Project22,Description for Project22. This project covers balanced topics.,Mission for Project22: Develop innovative solutions across multiple fields.,Objectives for Project22: Integrate balanced skills and technologies.,https://example.com/project22,user22,"Research,Healthcare","SwiftUI,Change Management,TDD,Persona Creation","Chinese,Japanese","Backend Developer,Frontend Developer",True
Project23,Description for Project23. This project covers balanced topics.,Mission for Project23: Develop innovative solutions across multiple fields.,Objectives for Project23: Integrate balanced skills and technologies.,https://example.com/project23,user23,"Healthcare,Education","Change Management,TDD,Persona Creation,Cloud Security","Japanese,English","Frontend Developer,Project Manager",True
Project24,Description for Project24. This project covers balanced topics.,Mission for Project24: Develop innovative solutions across multiple fields.,Objectives for Project24: Integrate balanced skills and technologies.,https://example.com/project24,user24,"Education,Arts & Media","TDD,Persona Creation,Cloud Security,OpenShift","English,Spanish","Project Manager,Data Scientist",True
Project25,Description for Project25. This project covers balanced topics.,Mission for Project25: Develop innovative solutions across multiple fields.,Objectives for Project25: Integrate balanced skills and technologies.,https://example.com/project25,user25,"Arts & Media,Social Impact","Persona Creation,Cloud Security,OpenShift,Kotlin","Spanish,German","Data Scientist,Researcher",True
Project26,Description for Project26. This project covers balanced topics.,Mission for Project26: Develop innovative solutions across multiple fields.,Objectives for Project26: Integrate balanced skills and technologies.,https://example.com/project26,user26,"Social Impact,Machine Learning","Cloud Security,OpenShift,Kotlin,Styled Components","German,French","Researcher,Designer",True
Project27,Description for Project27. This project covers balanced topics.,Mission for Project27: Develop innovative solutions across multiple fields.,Objectives for Project27: Integrate balanced skills and technologies.,https://example.com/project27,user27,"Machine Learning,Software","OpenShift,Kotlin,Styled Components,Cloud Storage","French,Chinese","Designer,ML Engineer",True
Project28,Description for Project28. This project covers balanced topics.,Mission for Project28: Develop innovative solutions across multiple fields.,Objectives for Project28: Integrate balanced skills and technologies.,https://example.com/project28,user28,"Software,Environment","Kotlin,Styled Components,Cloud Storage,Jupyter","Chinese,Japanese","ML Engineer,Backend Developer",True
Project29,Description for Project29. This project covers balanced topics.,Mission for Project29: Develop innovative solutions across multiple fields.,Objectives for Project29: Integrate balanced skills and technologies.,https://example.com/project29,user29,"Environment,AI","Styled Components,Cloud Storage,Jupyter,SwiftUI","Japanese,English","Backend Developer,Frontend Developer",True
Project30,Description for Project30. This project covers balanced topics.,Mission for Project30: Develop innovative solutions across multiple fields.,Objectives for Project30: Integrate balanced skills and technologies.,https://example.com/project30,user30,"AI,Business","Cloud Monitoring,Statistics,NativeScript,Quality Management","English,Spanish","Frontend Developer,Project Manager",True
Project31,Description for Project31. This project covers balanced topics.,Mission for Project31: Develop innovative solutions across multiple fields.,Objectives for Project31: Integrate balanced skills and technologies.,https://example.com/project31,user31,"Business,Research","Statistics,NativeScript,Quality Management,BDD","Spanish,German","Project Manager,Data Scientist",True
Project32,Description for Project32. This project covers balanced topics.,Mission for Project32: Develop innovative solutions across multiple fields.,Objectives for Project32: Integrate balanced skills and technologies.,https://example.com/project32,user32,"Research,Healthcare","NativeScript,Quality Management,BDD,User Flow","German,French","Data Scientist,Researcher",True
Project33,Description for Project33. This project covers balanced topics.,Mission for Project33: Develop innovative solutions across multiple fields.,Objectives for Project33: Integrate balanced skills and technologies.,https://example.com/project33,user33,"Healthcare,Education","Quality Management,BDD,User Flow,Security Architecture","French,Chinese","Researcher,Designer",True
Project34,Description for Project34. This project covers balanced topics.,Mission for Project34: Develop innovative solutions across multiple fields.,Objectives for Project34: Integrate balanced skills and technologies.,https://example.com/project34,user34,"Education,Arts & Media","BDD,User Flow,Security Architecture,Chef","Chinese,Japanese","Designer,ML Engineer",True
Project35,Description for Project35. This project covers balanced topics.,Mission for Project35: Develop innovative solutions across multiple fields.,Objectives for Project35: Integrate balanced skills and technologies.,https://example.com/project35,user35,"Arts & Media,Social Impact","User Flow,Security Architecture,Chef,Play Framework","Japanese,English","ML Engineer,Backend Developer",True
Project36,Description for Project36. This project covers balanced topics.,Mission for Project36: Develop innovative solutions across multiple fields.,Objectives for Project36: Integrate balanced skills and technologies.,https://example.com/project36,user36,"Social Impact,Machine Learning","Security Architecture,Chef,Play Framework,CSS Modules","English,Spanish","Backend Developer,Frontend Developer",True
Project37,Description for Project37. This project covers balanced topics.,Mission for Project37: Develop innovative solutions across multiple fields.,Objectives for Project37: Integrate balanced skills and technologies.,https://example.com/project37,user37,"Machine Learning,Software","Chef,Play Framework,CSS Modules,Cloud Monitoring","Spanish,German","Frontend Developer,Project Manager",True
Project38,Description for Project38. This project covers balanced topics.,Mission for Project38: Develop innovative solutions across multiple fields.,Objectives for Project38: Integrate balanced skills and technologies.,https://example.com/project38,user38,"Software,Environment","Play Framework,CSS Modules,Cloud Monitoring,Statistics","German,French","Project Manager,Data Scientist",True
Project39,Description for Project39. This project covers balanced topics.,Mission for Project39: Develop innovative solutions across multiple fields.,Objectives for Project39: Integrate balanced skills and technologies.,https://example.com/project39,user39,"Environment,AI","CSS Modules,Cloud Monitoring,Statistics,NativeScript","French,Chinese","Data Scientist,Researcher",True
Project40,Description for Project40. This project covers balanced topics.,Mission for Project40: Develop innovative solutions across multiple fields.,Objectives for Project40: Integrate balanced skills and technologies.,https://example.com/project40,user40,"AI,Business","GCP BigQuery,NLP,PhoneGap,Time Management","Chinese,Japanese","Researcher,Designer",True
Project41,Description for Project41. This project covers balanced topics.,Mission for Project41: Develop innovative solutions across multiple fields.,Objectives for Project41: Integrate balanced skills and technologies.,https://example.com/project41,user41,"Business,Research","NLP,PhoneGap,Time Management,Agile Testing","Japanese,English","Designer,ML Engineer",True
Project42,Description for Project42. This project covers balanced topics.,Mission for Project42: Develop innovative solutions across multiple fields.,Objectives for Project42: Integrate balanced skills and technologies.,https://example.com/project42,user42,"Research,Healthcare","PhoneGap,Time Management,Agile Testing,Design Thinking","English,Spanish","ML Engineer,Backend Developer",True
Project43,Description for Project43. This project covers balanced topics.,Mission for Project43: Develop innovative solutions across multiple fields.,Objectives for Project43: Integrate balanced skills and technologies.,https://example.com/project43,user43,"Healthcare,Education","Time Management,Agile Testing,Design Thinking,Forensics","Spanish,German","Backend Developer,Frontend Developer",True
Project44,Description for Project44. This project covers balanced topics.,Mission for Project44: Develop innovative solutions across multiple fields.,Objectives for Project44: Integrate balanced skills and technologies.,https://example.com/project44,user44,"Education,Arts & Media","Agile Testing,Design Thinking,Forensics,Puppet","German,French","Frontend Developer,Project Manager",True
Project45,Description for Project45. This project covers balanced topics.,Mission for Project45: Develop innovative solutions across multiple fields.,Objectives for Project45: Integrate balanced skills and technologies.,https://example.com/project45,user45,"Arts & Media,Social Impact","Design Thinking,Forensics,Puppet,Scala","French,Chinese","Project Manager,Data Scientist",True
Project46,Description for Project46. This project covers balanced topics.,Mission for Project46: Develop innovative solutions across multiple fields.,Objectives for Project46: Integrate balanced skills and technologies.,https://example.com/project46,user46,"Social Impact,Machine Learning","Forensics,Puppet,Scala,Babel","Chinese,Japanese","Data Scientist,Researcher",True
Project47,Description for Project47. This project covers balanced topics.,Mission for Project47: Develop innovative solutions across multiple fields.,Objectives for Project47: Integrate balanced skills and technologies.,https://example.com/project47,user47,"Machine Learning,Software","Puppet,Scala,Babel,GCP BigQuery","Japanese,English","Researcher,Designer",True
Project48,Description for Project48. This project covers balanced topics.,Mission for Project48: Develop innovative solutions across multiple fields.,Objectives for Project48: Integrate balanced skills and technologies.,https://example.com/project48,user48,"Software,Environment","Scala,Babel,GCP BigQuery,NLP","English,Spanish","Designer,ML Engineer",True
Project49,Description for Project49. This project covers balanced topics.,Mission for Project49: Develop innovative solutions across multiple fields.,Objectives for Project49: Integrate balanced skills and technologies.,https://example.com/project49,user49,"Environment,AI","Babel,GCP BigQuery,NLP,PhoneGap","Spanish,German","ML Engineer,Backend Developer",True
Project50,Description for Project50. This project covers balanced topics.,Mission for Project50: Develop innovative solutions across multiple fields.,Objectives for Project50: Integrate balanced skills and technologies.,https://example.com/project50,user50,"AI,Business","Azure Functions,Deep Learning,Corona SDK,Leadership","German,French","Backend Developer,Frontend Developer",True
Project51,Description for Project51. This project covers balanced topics.,Mission for Project51: Develop innovative solutions across multiple fields.,Objectives for Project51: Integrate balanced skills and technologies.,https://example.com/project51,user51,"Business,Research","Deep Learning,Corona SDK,Leadership,Acceptance Testing","French,Chinese","Frontend Developer,Project Manager",True
Project52,Description for Project52. This project covers balanced topics.,Mission for Project52: Develop innovative solutions across multiple fields.,Objectives for Project52: Integrate balanced skills and technologies.,https://example.com/project52,user52,"Research,Healthcare","Corona SDK,Leadership,Acceptance Testing,Adobe Illustrator","Chinese,Japanese","Project Manager,Data Scientist",True
Project53,Description for Project53. This project covers balanced topics.,Mission for Project53: Develop innovative solutions across multiple fields.,Objectives for Project53: Integrate balanced skills and technologies.,https://example.com/project53,user53,"Healthcare,Education","Leadership,Acceptance Testing,Adobe Illustrator,Compliance","Japanese,English","Data Scientist,Researcher",True
Project54,Description for Project54. This project covers balanced topics.,Mission for Project54: Develop innovative solutions across multiple fields.,Objectives for Project54: Integrate balanced skills and technologies.,https://example.com/project54,user54,"Education,Arts & Media","Acceptance Testing,Adobe Illustrator,Compliance,CI/CD","English,Spanish","Researcher,Designer",True
Project55,Description for Project55. This project covers balanced topics.,Mission for Project55: Develop innovative solutions across multiple fields.,Objectives for Project55: Integrate balanced skills and technologies.,https://example.com/project55,user55,"Arts & Media,Social Impact","Adobe Illustrator,Compliance,CI/CD,Fiber","Spanish,German","Designer,ML Engineer",True
Project56,Description for Project56. This project covers balanced topics.,Mission for Project56: Develop innovative solutions across multiple fields.,Objectives for Project56: Integrate balanced skills and technologies.,https://example.com/project56,user56,"Social Impact,Machine Learning","Compliance,CI/CD,Fiber,Webpack","German,French","ML Engineer,Backend Developer",True
Project57,Description for Project57. This project covers balanced topics.,Mission for Project57: Develop innovative solutions across multiple fields.,Objectives for Project57: Integrate balanced skills and technologies.,https://example.com/project57,user57,"Machine Learning,Software","CI/CD,Fiber,Webpack,Azure Functions","French,Chinese","Backend Developer,Frontend Developer",True
Project58,Description for Project58. This project covers balanced topics.,Mission for Project58: Develop innovative solutions across multiple fields.,Objectives for Project58: Integrate balanced skills and technologies.,https://example.com/project58,user58,"Software,Environment","Fiber,Webpack,Azure Functions,Deep Learning","Chinese,Japanese","Frontend Developer,Project Manager",True
Project59,Description for Project59. This project covers balanced topics.,Mission for Project59: Develop innovative solutions across multiple fields.,Objectives for Project59: Integrate balanced skills and technologies.,https://example.com/project59,user59,"Environment,AI","Webpack,Azure Functions,Deep Learning,Corona SDK","Japanese,English","Project Manager,Data Scientist",True
Project60,Description for Project60. This project covers balanced topics.,Mission for Project60: Develop innovative solutions across multiple fields.,Objectives for Project60: Integrate balanced skills and technologies.,https://example.com/project60,user60,"AI,Business","CloudFormation,Machine Learning,Cocos2d-x,Communication","English,Spanish","Data Scientist,Researcher",True
Project61,Description for Project61. This project covers balanced topics.,Mission for Project61: Develop innovative solutions across multiple fields.,Objectives for Project61: Integrate balanced skills and technologies.,https://example.com/project61,user61,"Business,Research","Machine Learning,Cocos2d-x,Communication,System Testing","Spanish,German","Researcher,Designer",True
Project62,Description for Project62. This project covers balanced topics.,Mission for Project62: Develop innovative solutions across multiple fields.,Objectives for Project62: Integrate balanced skills and technologies.,https://example.com/project62,user62,"Research,Healthcare","Cocos2d-x,Communication,System Testing,Adobe Photoshop","German,French","Designer,ML Engineer",True
Project63,Description for Project63. This project covers balanced topics.,Mission for Project63: Develop innovative solutions across multiple fields.,Objectives for Project63: Integrate balanced skills and technologies.,https://example.com/project63,user63,"Healthcare,Education","Communication,System Testing,Adobe Photoshop,Identity Management","French,Chinese","ML Engineer,Backend Developer",True
Project64,Description for Project64. This project covers balanced topics.,Mission for Project64: Develop innovative solutions across multiple fields.,Objectives for Project64: Integrate balanced skills and technologies.,https://example.com/project64,user64,"Education,Arts & Media","System Testing,Adobe Photoshop,Identity Management,ELK Stack","Chinese,Japanese","Backend Developer,Frontend Developer",True
Project65,Description for Project65. This project covers balanced topics.,Mission for Project65: Develop innovative solutions across multiple fields.,Objectives for Project65: Integrate balanced skills and technologies.,https://example.com/project65,user65,"Arts & Media,Social Impact","Adobe Photoshop,Identity Management,ELK Stack,Go","Japanese,English","Frontend Developer,Project Manager",True
Project66,Description for Project66. This project covers balanced topics.,Mission for Project66: Develop innovative solutions across multiple fields.,Objectives for Project66: Integrate balanced skills and technologies.,https://example.com/project66,user66,"Social Impact,Machine Learning","Identity Management,ELK Stack,Go,Redux","English,Spanish","Project Manager,Data Scientist",True
Project67,Description for Project67. This project covers balanced topics.,Mission for Project67: Develop innovative solutions across multiple fields.,Objectives for Project67: Integrate balanced skills and technologies.,https://example.com/project67,user67,"Machine Learning,Software","ELK Stack,Go,Redux,CloudFormation","Spanish,German","Data Scientist,Researcher",True
Project68,Description for Project68. This project covers balanced topics.,Mission for Project68: Develop innovative solutions across multiple fields.,Objectives for Project68: Integrate balanced skills and technologies.,https://example.com/project68,user68,"Software,Environment","Go,Redux,CloudFormation,Machine Learning","German,French","Researcher,Designer",True
Project69,Description for Project69. This project covers balanced topics.,Mission for Project69: Develop innovative solutions across multiple fields.,Objectives for Project69: Integrate balanced skills and technologies.,https://example.com/project69,user69,"Environment,AI","Redux,CloudFormation,Machine Learning,Cocos2d-x","French,Chinese","Designer,ML Engineer",True
Project70,Description for Project70. This project covers balanced topics.,Mission for Project70: Develop innovative solutions across multiple fields.,Objectives for Project70: Integrate balanced skills and technologies.,https://example.com/project70,user70,"AI,Business","Serverless,Data Cleaning,Unity,Asana","Chinese,Japanese","ML Engineer,Backend Developer",True
Project71,Description for Project71. This project covers balanced topics.,Mission for Project71: Develop innovative solutions across multiple fields.,Objectives for Project71: Integrate balanced skills and technologies.,https://example.com/project71,user71,"Business,Research","Data Cleaning,Unity,Asana,Integration Testing","Japanese,English","Backend Developer,Frontend Developer",True
Project72,Description for Project72. This project covers balanced topics.,Mission for Project72: Develop innovative solutions across multiple fields.,Objectives for Project72: Integrate balanced skills and technologies.,https://example.com/project72,user72,"Research,Healthcare","Unity,Asana,Integration Testing,Information Architecture","English,Spanish","Frontend Developer,Project Manager",True
Project73,Description for Project73. This project covers balanced topics.,Mission for Project73: Develop innovative solutions across multiple fields.,Objectives for Project73: Integrate balanced skills and technologies.,https://example.com/project73,user73,"Healthcare,Education","Asana,Integration Testing,Information Architecture,Endpoint Protection","Spanish,German","Project Manager,Data Scientist",True
Project74,Description for Project74. This project covers balanced topics.,Mission for Project74: Develop innovative solutions across multiple fields.,Objectives for Project74: Integrate balanced skills and technologies.,https://example.com/project74,user74,"Education,Arts & Media","Integration Testing,Information Architecture,Endpoint Protection,Grafana","German,French","Data Scientist,Researcher",True
Project75,Description for Project75. This project covers balanced topics.,Mission for Project75: Develop innovative solutions across multiple fields.,Objectives for Project75: Integrate balanced skills and technologies.,https://example.com/project75,user75,"Arts & Media,Social Impact","Information Architecture,Endpoint Protection,Grafana,.NET Core","French,Chinese","Researcher,Designer",True
Project76,Description for Project76. This project covers balanced topics.,Mission for Project76: Develop innovative solutions across multiple fields.,Objectives for Project76: Integrate balanced skills and technologies.,https://example.com/project76,user76,"Social Impact,Machine Learning","Endpoint Protection,Grafana,.NET Core,Nuxt.js","Chinese,Japanese","Designer,ML Engineer",True
Project77,Description for Project77. This project covers balanced topics.,Mission for Project77: Develop innovative solutions across multiple fields.,Objectives for Project77: Integrate balanced skills and technologies.,https://example.com/project77,user77,"Machine Learning,Software","Grafana,.NET Core,Nuxt.js,Serverless","Japanese,English","ML Engineer,Backend Developer",True
Project78,Description for Project78. This project covers balanced topics.,Mission for Project78: Develop innovative solutions across multiple fields.,Objectives for Project78: Integrate balanced skills and technologies.,https://example.com/project78,user78,"Software,Environment",".NET Core,Nuxt.js,Serverless,Data Cleaning","English,Spanish","Backend Developer,Frontend Developer",True
Project79,Description for Project79. This project covers balanced topics.,Mission for Project79: Develop innovative solutions across multiple fields.,Objectives for Project79: Integrate balanced skills and technologies.,https://example.com/project79,user79,"Environment,AI","Nuxt.js,Serverless,Data Cleaning,Unity","Spanish,German","Frontend Developer,Project Manager",True
Project80,Description for Project80. This project covers balanced topics.,Mission for Project80: Develop innovative solutions across multiple fields.,Objectives for Project80: Integrate balanced skills and technologies.,https://example.com/project80,user80,"AI,Business","Cloud Architecture,Data Visualization,Dart,Trello","German,French","Project Manager,Data Scientist",True
Project81,Description for Project81. This project covers balanced topics.,Mission for Project81: Develop innovative solutions across multiple fields.,Objectives for Project81: Integrate balanced skills and technologies.,https://example.com/project81,user81,"Business,Research","Data Visualization,Dart,Trello,Unit Testing","French,Chinese","Data Scientist,Researcher",True
Project82,Description for Project82. This project covers balanced topics.,Mission for Project82: Develop innovative solutions across multiple fields.,Objectives for Project82: Integrate balanced skills and technologies.,https://example.com/project82,user82,"Research,Healthcare","Dart,Trello,Unit Testing,Usability","Chinese,Japanese","Researcher,Designer",True
Project83,Description for Project83. This project covers balanced topics.,Mission for Project83: Develop innovative solutions across multiple fields.,Objectives for Project83: Integrate balanced skills and technologies.,https://example.com/project83,user83,"Healthcare,Education","Trello,Unit Testing,Usability,SIEM","Japanese,English","Designer,ML Engineer",True
Project84,Description for Project84. This project covers balanced topics.,Mission for Project84: Develop innovative solutions across multiple fields.,Objectives for Project84: Integrate balanced skills and technologies.,https://example.com/project84,user84,"Education,Arts & Media","Unit Testing,Usability,SIEM,Prometheus","English,Spanish","ML Engineer,Backend Developer",True
Project85,Description for Project85. This project covers balanced topics.,Mission for Project85: Develop innovative solutions across multiple fields.,Objectives for Project85: Integrate balanced skills and technologies.,https://example.com/project85,user85,"Arts & Media,Social Impact","Usability,SIEM,Prometheus,C#","Spanish,German","Backend Developer,Frontend Developer",True
Project86,Description for Project86. This project covers balanced topics.,Mission for Project86: Develop innovative solutions across multiple fields.,Objectives for Project86: Integrate balanced skills and technologies.,https://example.com/project86,user86,"Social Impact,Machine Learning","SIEM,Prometheus,C#,Next.js","German,French","Frontend Developer,Project Manager",True
Project87,Description for Project87. This project covers balanced topics.,Mission for Project87: Develop innovative solutions across multiple fields.,Objectives for Project87: Integrate balanced skills and technologies.,https://example.com/project87,user87,"Machine Learning,Software","Prometheus,C#,Next.js,Cloud Architecture","French,Chinese","Project Manager,Data Scientist",True
Project88,Description for Project88. This project covers balanced topics.,Mission for Project88: Develop innovative solutions across multiple fields.,Objectives for Project88: Integrate balanced skills and technologies.,https://example.com/project88,user88,"Software,Environment","C#,Next.js,Cloud Architecture,Data Visualization","Chinese,Japanese","Data Scientist,Researcher",True
Project89,Description for Project89. This project covers balanced topics.,Mission for Project89: Develop innovative solutions across multiple fields.,Objectives for Project89: Integrate balanced skills and technologies.,https://example.com/project89,user89,"Environment,AI","Next.js,Cloud Architecture,Data Visualization,Dart","Japanese,English","Researcher,Designer",True
Project90,Description for Project90. This project covers balanced topics.,Mission for Project90: Develop innovative solutions across multiple fields.,Objectives for Project90: Integrate balanced skills and technologies.,https://example.com/project90,user90,"AI,Business","Google Cloud Platform,SQL,Cordova,JIRA","English,Spanish","Designer,ML Engineer",True
Project91,Description for Project91. This project covers balanced topics.,Mission for Project91: Develop innovative solutions across multiple fields.,Objectives for Project91: Integrate balanced skills and technologies.,https://example.com/project91,user91,"Business,Research","SQL,Cordova,JIRA,Regression Testing","Spanish,German","ML Engineer,Backend Developer",True
Project92,Description for Project92. This project covers balanced topics.,Mission for Project92: Develop innovative solutions across multiple fields.,Objectives for Project92: Integrate balanced skills and technologies.,https://example.com/project92,user92,"Research,Healthcare","Cordova,JIRA,Regression Testing,Responsive Design","German,French","Backend Developer,Frontend Developer",True
Project93,Description for Project93. This project covers balanced topics.,Mission for Project93: Develop innovative solutions across multiple fields.,Objectives for Project93: Integrate balanced skills and technologies.,https://example.com/project93,user93,"Healthcare,Education","JIRA,Regression Testing,Responsive Design,Security Auditing","French,Chinese","Frontend Developer,Project Manager",True
Project94,Description for Project94. This project covers balanced topics.,Mission for Project94: Develop innovative solutions across multiple fields.,Objectives for Project94: Integrate balanced skills and technologies.,https://example.com/project94,user94,"Education,Arts & Media","Regression Testing,Responsive Design,Security Auditing,Google Cloud","Chinese,Japanese","Project Manager,Data Scientist",True
Project95,Description for Project95. This project covers balanced topics.,Mission for Project95: Develop innovative solutions across multiple fields.,Objectives for Project95: Integrate balanced skills and technologies.,https://example.com/project95,user95,"Arts & Media,Social Impact","Responsive Design,Security Auditing,Google Cloud,ASP.NET","Japanese,English","Data Scientist,Researcher",True
Project96,Description for Project96. This project covers balanced topics.,Mission for Project96: Develop innovative solutions across multiple fields.,Objectives for Project96: Integrate balanced skills and technologies.,https://example.com/project96,user96,"Social Impact,Machine Learning","Security Auditing,Google Cloud,ASP.NET,TypeScript","English,Spanish","Researcher,Designer",True
Project97,Description for Project97. This project covers balanced topics.,Mission for Project97: Develop innovative solutions across multiple fields.,Objectives for Project97: Integrate balanced skills and technologies.,https://example.com/project97,user97,"Machine Learning,Software","Google Cloud,ASP.NET,TypeScript,Google Cloud Platform","Spanish,German","Designer,ML Engineer",True
Project98,Description for Project98. This project covers balanced topics.,Mission for Project98: Develop innovative solutions across multiple fields.,Objectives for Project98: Integrate balanced skills and technologies.,https://example.com/project98,user98,"Software,Environment","ASP.NET,TypeScript,Google Cloud Platform,SQL","German,French","ML Engineer,Backend Developer",True
Project99,Description for Project99. This project covers balanced topics.,Mission for Project99: Develop innovative solutions across multiple fields.,Objectives for Project99: Integrate balanced skills and technologies.,https://example.com/project99,user99,"Environment,AI","TypeScript,Google Cloud Platform,SQL,Cordova","French,Chinese","Backend Developer,Frontend Developer",True
